﻿<?xml version="1.0"?>
<doc>
<assembly>
<name>
Scrap
</name>
</assembly>
<members>
<member name="T:Scrap.My.Resources.Resources">
<summary>
  A strongly-typed resource class, for looking up localized strings, etc.
</summary>
</member>
<member name="P:Scrap.My.Resources.Resources.ResourceManager">
<summary>
  Returns the cached ResourceManager instance used by this class.
</summary>
</member>
<member name="P:Scrap.My.Resources.Resources.Culture">
<summary>
  Overrides the current thread's CurrentUICulture property for all
  resource lookups using this strongly typed resource class.
</summary>
</member>
<member name="T:Scrap.ThisRibbonCollection">

</member>
<member name="M:Scrap.ThisRibbonCollection.#ctor(Microsoft.Office.Tools.Ribbon.RibbonFactory)">

</member>
<member name="T:Scrap.ThisAddIn">

</member>
<member name="M:Scrap.ThisAddIn.#ctor(Microsoft.Office.Tools.Outlook.Factory,System.IServiceProvider)">

</member>
<member name="M:Scrap.ThisAddIn.Initialize">

</member>
<member name="M:Scrap.ThisAddIn.FinishInitialization">

</member>
<member name="M:Scrap.ThisAddIn.InitializeDataBindings">

</member>
<member name="M:Scrap.ThisAddIn.InitializeCachedData">

</member>
<member name="M:Scrap.ThisAddIn.InitializeData">

</member>
<member name="M:Scrap.ThisAddIn.BindToData">

</member>
<member name="M:Scrap.ThisAddIn.StartCaching(System.String)">

</member>
<member name="M:Scrap.ThisAddIn.StopCaching(System.String)">

</member>
<member name="M:Scrap.ThisAddIn.IsCached(System.String)">

</member>
<member name="M:Scrap.ThisAddIn.BeginInitialization">

</member>
<member name="M:Scrap.ThisAddIn.EndInitialization">

</member>
<member name="M:Scrap.ThisAddIn.InitializeControls">

</member>
<member name="M:Scrap.ThisAddIn.InitializeComponents">

</member>
<member name="M:Scrap.ThisAddIn.NeedsFill(System.String)">

</member>
<member name="M:Scrap.ThisAddIn.OnShutdown">

</member>
<member name="T:Scrap.Globals">

</member>
<member name="M:Scrap.Globals.#ctor">

</member>
<member name="T:Scrap.ThisFormRegionCollection">

</member>
<member name="M:Scrap.ThisFormRegionCollection.#ctor(System.Collections.Generic.IList{Microsoft.Office.Tools.Outlook.IFormRegion})">

</member>
<member name="T:Scrap.WindowFormRegionCollection">

</member>
<member name="M:Scrap.WindowFormRegionCollection.#ctor(System.Collections.Generic.IList{Microsoft.Office.Tools.Outlook.IFormRegion})">

</member>
</members>
</doc>
